e_0_ign,omega_ign,t_ign,p_ratio,p_drops,p_ratio_ok,has_local_max,S_izb,ignited,success,C,p_nom_calc,p_a_calc
0.0012000000000000001,0.35000000000000014,0.005699999999999993,1.220728034333648,False,True,True,158072.9858428408,True,True,0.5261865505677282,19801677.05012476,99008.38525062379
0.0011000000000000003,0.37000000000000016,0.0046,1.2461784305030188,False,True,True,176435.37433334094,True,True,0.5383222888631682,19800637.82062994,99003.18910314968
0.0012000000000000001,0.36000000000000015,0.005449999999999995,1.2333507735059268,False,True,True,168438.8162114275,True,True,0.5435017087974622,19804265.393642947,99021.32696821472
0.0013000000000000004,0.34000000000000014,0.0066499999999999875,1.2072760746393445,False,True,True,149491.1959856594,True,True,0.5546047882472055,19805441.05252357,99027.20526261782
0.0013000000000000004,0.3300000000000001,0.006999999999999985,1.1947750140767937,False,True,True,139079.69484192567,True,True,0.5547176120693638,19802641.28593919,99013.20642969594
0.0013000000000000004,0.35000000000000014,0.006399999999999989,1.219729811573627,False,True,True,159954.2559531948,True,True,0.5647908202005055,19808213.675310593,99041.06837655295
0.0012000000000000001,0.37000000000000016,0.005249999999999996,1.2458948418559765,False,True,True,178812.0002968838,True,True,0.5660609034784589,19806835.97540451,99034.17987702253
0.0011000000000000003,0.38000000000000017,0.004450000000000001,1.2590870285053573,False,True,True,186857.30185414795,True,True,0.5689459657392791,19803049.668528374,99015.24834264186
0.0013000000000000004,0.36000000000000015,0.006099999999999991,1.2321846028759984,False,True,True,170503.25340705394,True,True,0.5754922355158409,19810962.64773295,99054.81323866473
0.0012000000000000001,0.38000000000000017,0.005049999999999997,1.2583578761299536,False,True,True,189183.25888284828,True,True,0.5907339165697546,19809391.553043526,99046.95776521761
0.0013000000000000004,0.37000000000000016,0.005849999999999992,1.2442970432697649,False,True,True,180820.72245607479,True,True,0.5914538267575649,19813688.681554273,99068.44340777135
0.0011000000000000003,0.3900000000000002,0.004300000000000002,1.2716951018088987,False,True,True,197093.15190436953,True,True,0.6002308866514747,19805447.383439243,99027.2369171962
0.0014000000000000002,0.35000000000000014,0.007099999999999985,1.2178687802250177,False,True,True,161619.21491990075,True,True,0.6047104768559465,19815468.261072457,99077.34130536226
0.0014000000000000002,0.34000000000000014,0.007449999999999983,1.205658772347269,False,True,True,151044.90276046167,True,True,0.6048490550029401,19812524.53029179,99062.62265145892
0.0014000000000000002,0.3300000000000001,0.0077999999999999806,1.1934154012446305,False,True,True,140535.29506578727,True,True,0.6088249837561512,19809548.4343631,99047.7421718155
0.0014000000000000002,0.36000000000000015,0.006799999999999987,1.2299326534497115,False,True,True,172144.7615187887,True,True,0.611158463041498,19818383.380161036,99091.91690080517
0.0013000000000000004,0.38000000000000017,0.005649999999999994,1.256564196111613,False,True,True,191348.0694523158,True,True,0.6129403029929763,19816398.005471405,99081.99002735701
0.0014000000000000002,0.3200000000000001,0.008149999999999978,1.1809964107932875,False,True,True,129972.63885277815,True,True,0.6163932841892404,19806532.015312627,99032.66007656312
0.001,0.4000000000000002,0.003600000000000003,1.284029719938048,False,True,True,204632.06712276323,True,True,0.6169095897448174,19801819.821565997,99009.09910782997
0.0012000000000000001,0.3900000000000002,0.004849999999999998,1.2708562116397257,False,True,True,199647.35264212132,True,True,0.6175466512390035,19811934.431654718,99059.67215827358
0.0014000000000000002,0.37000000000000016,0.006549999999999988,1.2418420552703795,False,True,True,182601.9850778205,True,True,0.623393607577182,19821275.042149868,99106.37521074932
0.0011000000000000003,0.4000000000000002,0.004150000000000003,1.2843304069286954,False,True,True,207406.1856875133,True,True,0.6328722609705763,19807837.36092824,99039.18680464118
0.0013000000000000004,0.3900000000000002,0.005399999999999995,1.268644334378184,False,True,True,201768.07129883696,True,True,0.6338766554095646,19819091.88916424,99095.45944582118
0.0014000000000000002,0.3100000000000001,0.008599999999999976,1.1685642668523462,False,True,True,119516.446165183,True,True,0.6354345122711635,19803473.44285299,99017.36721426493
0.0014000000000000002,0.38000000000000017,0.00624999999999999,1.2537452201066046,False,True,True,193124.5443844651,True,True,0.6357109969469095,19824145.744883966,99120.72872441981
0.0012000000000000001,0.4000000000000002,0.00465,1.283263976455439,False,True,True,210091.20787695204,True,True,0.6458878690752387,19814465.86782649,99072.32933913244
0.0015000000000000005,0.35000000000000014,0.00784999999999998,1.2151430511774406,False,True,True,162861.0618707705,True,True,0.6491619439227416,19823527.931214254,99117.63965607126
0.0015000000000000005,0.36000000000000015,0.007549999999999982,1.2269749518195083,False,True,True,173498.99250323532,True,True,0.651861828625057,19826618.459428094,99133.09229714045
0.001,0.4100000000000002,0.0035000000000000027,1.2969025033531922,False,True,True,214874.2594551419,True,True,0.6541012761809112,19804068.53155604,99020.34265778019
0.0015000000000000005,0.37000000000000016,0.007199999999999984,1.2386720024186146,False,True,True,184084.7076594571,True,True,0.6543455940190553,19829682.304768983,99148.4115238449
0.0014000000000000002,0.3900000000000002,0.006049999999999991,1.2655851271538767,False,True,True,203652.2414034271,True,True,0.6556309077292323,19826998.50733492,99134.99253667459
0.0015000000000000005,0.34000000000000014,0.008249999999999978,1.2032785132821398,False,True,True,152280.99538020237,True,True,0.6566617592611033,19820404.53630363,99102.02268151812
0.0014000000000000002,0.3000000000000001,0.009049999999999973,1.1558854715604983,False,True,True,108975.55020529179,True,True,0.6582169313503524,19800356.571174264,99001.78285587131
0.0013000000000000004,0.4000000000000002,0.005199999999999996,1.280700615284494,False,True,True,212225.201394664,True,True,0.6589765301973963,19821772.510189816,99108.86255094907
0.0015000000000000005,0.38000000000000017,0.006949999999999986,1.2503220947197755,False,True,True,194697.31877055828,True,True,0.6657753174331037,19832721.507310394,99163.60753655195
0.0011000000000000003,0.4100000000000002,0.0040000000000000036,1.2969903870394508,False,True,True,217791.11718695005,True,True,0.6666790331487368,19810219.883208197,99051.09941604096
0.0015000000000000005,0.3300000000000001,0.008649999999999975,1.1912508115594633,False,True,True,141642.03813604868,True,True,0.6676467745385181,19817243.64302449,99086.21821512243
0.0014000000000000002,0.4000000000000002,0.005799999999999993,1.2774089822010957,False,True,True,214225.96073625356,True,True,0.6752085952339147,19829834.39915161,99149.17199575802
0.0009000000000000001,0.4200000000000002,0.002900000000000001,1.3078326881047349,False,True,True,221870.61955910848,True,True,0.6768679025993587,19800593.356969193,99002.96678484595
0.0015000000000000005,0.3900000000000002,0.0066499999999999875,1.2619667255033116,False,True,True,205374.58226067366,True,True,0.6770187837709217,19835737.10637655,99178.68553188274
0.0012000000000000001,0.4100000000000002,0.0045000000000000005,1.2955730355171826,False,True,True,220500.72518452533,True,True,0.6770549547703618,19816986.829722922,99084.9341486146
0.0015000000000000005,0.3200000000000001,0.009049999999999973,1.1792106809834613,False,True,True,131099.93171029957,True,True,0.6822159166089325,19814039.41453181,99070.19707265902
0.0013000000000000004,0.4100000000000002,0.005049999999999997,1.2927292837797264,False,True,True,222711.1528336339,True,True,0.6874650364024217,19824440.84168193,99122.20420840965
0.001,0.4200000000000002,0.0033500000000000023,1.3097210576586804,False,True,True,225119.64041199288,True,True,0.6906905941402921,19806312.58862506,99031.56294312527
0.0015000000000000005,0.4000000000000002,0.006399999999999989,1.2734571571150628,False,True,True,215956.10593845535,True,True,0.6930454681786067,19838738.339328006,99193.69169664002
0.0016000000000000003,0.37000000000000016,0.00794999999999998,1.2350752685182835,False,True,True,185392.2481292691,True,True,0.6937860397788522,19839005.96220638,99195.02981103188
0.0016000000000000003,0.36000000000000015,0.008299999999999978,1.223597208001573,False,True,True,174688.79147503406,True,True,0.6950315301013262,19835764.89045727,99178.82445228632
0.0016000000000000003,0.38000000000000017,0.007599999999999982,1.2463836754322888,False,True,True,195993.29091871082,True,True,0.6953170825553577,19842225.7607568,99211.128803784
0.0014000000000000002,0.4100000000000002,0.005599999999999994,1.2891568491516778,False,True,True,224781.92951712268,True,True,0.6987466642088076,19832656.016289867,99163.28008144932
0.0016000000000000003,0.35000000000000014,0.008649999999999975,1.212088966946621,False,True,True,164038.2058400063,True,True,0.6993531662385646,19832490.64453357,99162.45322266784
0.0011000000000000003,0.4200000000000002,0.0038500000000000036,1.309671772763772,False,True,True,228243.02215096104,True,True,0.7014864334011081,19812595.31329864,99062.97656649318
0.0016000000000000003,0.3900000000000002,0.007299999999999984,1.257691397631798,False,True,True,206663.5035467451,True,True,0.702773173965807,19845418.472602457,99227.09236301227
0.0015000000000000005,0.3100000000000001,0.00954999999999997,1.1668911050652613,False,True,True,120419.2891284925,True,True,0.7077352626257309,19810779.20454131,99053.89602270654
0.0012000000000000001,0.4200000000000002,0.0043500000000000014,1.3077835204969583,False,True,True,230871.2307988536,True,True,0.7089657295905116,19819500.03061685,99097.50015308423
0.0016000000000000003,0.34000000000000014,0.009049999999999973,1.2004703612173477,False,True,True,153365.72480557862,True,True,0.710262444946001,19829180.98130449,99145.90490652242
0.0015000000000000005,0.4100000000000002,0.00619999999999999,1.2847868141372987,False,True,True,226427.32509521715,True,True,0.7130830311753871,19841730.143214364,99208.6507160718
0.0013000000000000004,0.4200000000000002,0.004849999999999998,1.3047275003244223,False,True,True,233219.9525890401,True,True,0.7153510767009716,19827098.555752173,99135.49277876085
0.0016000000000000003,0.4000000000000002,0.007049999999999985,1.2689941498896562,False,True,True,217394.0958672087,True,True,0.7155326382148569,19848586.007313833,99242.93003656915
0.0009000000000000001,0.4300000000000002,0.002800000000000001,1.3211023457845286,False,True,True,232196.07368336836,True,True,0.7172587894455374,19802712.055850103,99013.56027925051
0.0014000000000000002,0.4200000000000002,0.005399999999999995,1.3007268744195977,False,True,True,235211.11536624687,True,True,0.7233474991080089,19835471.593321007,99177.35796660502
0.0016000000000000003,0.3300000000000001,0.00949999999999997,1.1887508350838614,False,True,True,142693.05143225196,True,True,0.7280875815328441,19825828.618240558,99129.14309120277
0.001,0.4300000000000002,0.003250000000000002,1.322709777937193,False,True,True,235542.41098888015,True,True,0.7293729815655385,19808554.230830885,99042.77115415441
0.0016000000000000003,0.4100000000000002,0.006799999999999987,1.2801089245089186,False,True,True,227979.70901249585,True,True,0.7299727329922205,19851746.414333127,99258.73207166562
0.0015000000000000005,0.4200000000000002,0.005949999999999992,1.2962420572639293,False,True,True,237084.7961225868,True,True,0.7329482025595931,19844698.14145194,99223.49070725968
0.0017000000000000006,0.38000000000000017,0.008349999999999977,1.2421643632257893,False,True,True,197130.62264634366,True,True,0.733699384266069,19852762.936512932,99263.81468256464
0.0017000000000000006,0.3900000000000002,0.00799999999999998,1.2533140496970168,False,True,True,207978.77015646096,True,True,0.7346377252925593,19856125.58647196,99280.62793235978
0.0017000000000000006,0.37000000000000016,0.008699999999999975,1.2310606417223258,False,True,True,186408.00228037714,True,True,0.7357127249273928,19849362.43734717,99246.81218673583
0.0011000000000000003,0.4300000000000002,0.003700000000000003,1.3222392228227644,False,True,True,238643.06911841108,True,True,0.7367455681174115,19814964.608687706,99074.82304343852
0.0015000000000000005,0.3000000000000001,0.010049999999999967,1.154586106863858,False,True,True,109888.6741423476,True,True,0.7368040858702765,19807460.4042106,99037.302021053
0.0017000000000000006,0.36000000000000015,0.009049999999999973,1.219928259827624,False,True,True,175731.6079377145,True,True,0.7405087180351632,19845929.166914243,99229.6458345712
0.0017000000000000006,0.4000000000000002,0.007699999999999981,1.264258158670565,False,True,True,218662.3039708426,True,True,0.7408613711955973,19859480.210523903,99297.4010526195
0.0012000000000000001,0.4300000000000002,0.004200000000000002,1.320013616821891,False,True,True,241305.31667016717,True,True,0.7418334711581237,19822005.503429286,99110.02751714642
0.0013000000000000004,0.4300000000000002,0.004699999999999999,1.3166318736285914,False,True,True,243686.6365801849,True,True,0.7457749330760901,19829747.867601383,99148.7393380069
0.0016000000000000003,0.4200000000000002,0.006549999999999988,1.2912534645339964,False,True,True,238653.3486153586,True,True,0.7464811734812508,19854884.153278228,99274.42076639112
0.0017000000000000006,0.4100000000000002,0.007399999999999983,1.2751568208966082,False,True,True,229354.802965939,True,True,0.7493828879156569,19862814.919482827,99314.07459741412
0.0014000000000000002,0.4300000000000002,0.005199999999999996,1.312421824668488,False,True,True,245816.37723911233,True,True,0.7497009249664803,19838269.049880993,99191.34524940494
0.0017000000000000006,0.35000000000000014,0.00944999999999997,1.2085689407938085,False,True,True,164895.95366521867,True,True,0.7514009681048884,19842471.387809146,99212.35693904571
0.0016000000000000003,0.3200000000000001,0.009999999999999967,1.1767735678018545,False,True,True,131878.6039192911,True,True,0.7528295502389083,19822426.477908153,99112.13238954075
0.0015000000000000005,0.4300000000000002,0.005749999999999993,1.3075286957138967,False,True,True,247613.64103881666,True,True,0.7561261004454503,19847661.67157953,99238.30835789762
0.0009000000000000001,0.4400000000000002,0.0027500000000000007,1.3340514157228693,False,True,True,242320.295524427,True,True,0.7575711712350827,19804825.649204988,99024.12824602492
0.0017000000000000006,0.4200000000000002,0.0071499999999999845,1.2860016779225771,False,True,True,240042.66288538993,True,True,0.7626530238456739,19866131.802261673,99330.65901130835
0.0016000000000000003,0.4300000000000002,0.00629999999999999,1.302336166581599,False,True,True,249310.61620936941,True,True,0.7646889814890866,19858009.532052267,99290.04766026132
0.001,0.4400000000000002,0.0031500000000000018,1.3354863085755593,False,True,True,245835.9755553584,True,True,0.7677837448835274,19810790.8389209,99053.95419460448
0.0018000000000000004,0.4000000000000002,0.008349999999999977,1.2592336111638802,False,True,True,219637.95733685186,True,True,0.7687696160734875,19871556.655049052,99357.78327524525
0.0017000000000000006,0.34000000000000014,0.009899999999999968,1.1971579234243914,False,True,True,154101.50578162726,True,True,0.7689887059655272,19838969.420176245,99194.8471008812
0.0018000000000000004,0.3900000000000002,0.008699999999999975,1.2485546184583312,False,True,True,208913.48859809802,True,True,0.7690012964111813,19868012.282020204,99340.061410101
0.0018000000000000004,0.38000000000000017,0.009049999999999973,1.2378014934984631,False,True,True,198169.41615252488,True,True,0.7716941592658674,19864445.651994213,99322.22825997105
0.0015000000000000005,0.2900000000000001,0.010599999999999964,1.1420387715346112,False,True,True,99293.9641740227,True,True,0.7729225898424209,19804063.30479727,99020.31652398633
0.0011000000000000003,0.4400000000000002,0.003600000000000003,1.3346840569100384,False,True,True,248979.4289231944,True,True,0.7732855928611373,19817328.79711589,99086.64398557943
0.0018000000000000004,0.4100000000000002,0.008049999999999979,1.2699526781620774,False,True,True,230473.5415263885,True,True,0.7741534278128887,19875064.964085717,99375.32482042856
0.0012000000000000001,0.4400000000000002,0.004050000000000003,1.3321391885959244,False,True,True,251686.59666919376,True,True,0.7751649324972415,19824506.051806252,99122.53025903125
0.0013000000000000004,0.4400000000000002,0.00455,1.3284427145165518,False,True,True,254107.1280805832,True,True,0.7767950850710399,19832391.50468996,99161.95752344979
0.0017000000000000006,0.4300000000000002,0.006899999999999986,1.2967924827947321,False,True,True,250719.8364016638,True,True,0.7776559720827103,19869434.81655079,99347.17408275395
0.0014000000000000002,0.4400000000000002,0.005049999999999997,1.323927385469939,False,True,True,256274.13426856714,True,True,0.7783585148722095,19841064.025262497,99205.32012631246
0.0018000000000000004,0.37000000000000016,0.00944999999999997,1.226867755640252,False,True,True,187290.45228783065,True,True,0.7801896042910492,19860866.02858103,99304.33014290514
0.0015000000000000005,0.4400000000000002,0.005549999999999994,1.3188369787490695,False,True,True,258212.2715686263,True,True,0.7807020457859883,19850610.00507067,99253.05002535334
0.0016000000000000003,0.3100000000000001,0.010499999999999964,1.164808229516865,False,True,True,121204.6200534042,True,True,0.7808599674956106,19818963.39963298,99094.81699816488
0.0018000000000000004,0.4200000000000002,0.007749999999999981,1.2805883163899388,False,True,True,241268.5604684257,True,True,0.7815949598495159,19878558.416051,99392.79208025499
0.0008,0.45000000000000023,0.0022499999999999994,1.3432105613292382,False,True,True,248759.36310988275,True,True,0.7816259634029786,19801380.202075794,99006.90101037896
0.0016000000000000003,0.4400000000000002,0.006099999999999991,1.3132617341108104,False,True,True,259838.27802342657,True,True,0.7862234182528042,19861134.574986923,99305.67287493461
0.0018000000000000004,0.36000000000000015,0.009849999999999968,1.215873897479897,False,True,True,176425.5861207435,True,True,0.7914291770244717,19857249.919539724,99286.2495976986
0.0017000000000000006,0.3300000000000001,0.010399999999999965,1.185704384340042,False,True,True,143367.91011139227,True,True,0.7934360260082688,19835417.47403499,99177.08737017494
0.0018000000000000004,0.4300000000000002,0.007499999999999982,1.291097276711297,False,True,True,251963.67401939063,True,True,0.793513193908871,19882048.847065464,99410.2442353273
0.0017000000000000006,0.4400000000000002,0.0066499999999999875,1.3075254095722675,False,True,True,261378.35468153912,True,True,0.7942606793562829,19872726.884797905,99363.63442398951
0.0009000000000000001,0.45000000000000023,0.0026500000000000004,1.347348790636572,False,True,True,252738.49014681732,True,True,0.7985696741801718,19806940.7405683,99034.70370284148
0.0019000000000000006,0.4100000000000002,0.008699999999999975,1.2646246702802322,False,True,True,231402.1642658007,True,True,0.8018196204104653,19888627.281487986,99443.13640743992
0.0019000000000000006,0.4000000000000002,0.009049999999999973,1.2542713547127489,False,True,True,220659.9581043246,True,True,0.8029796654272927,19884905.677296475,99424.52838648236
0.0019000000000000006,0.4200000000000002,0.008399999999999977,1.27501508656779,False,True,True,242250.4199491383,True,True,0.8061054862704738,19892310.119024884,99461.5505951244
0.001,0.45000000000000023,0.0030500000000000015,1.3482767161848421,False,True,True,256176.3712018591,True,True,0.8065715373090913,19813024.57360641,99065.12286803203
0.0018000000000000004,0.4400000000000002,0.007249999999999984,1.3015552969981115,False,True,True,262645.5719510928,True,True,0.8070565084341811,19885526.880898274,99427.63440449136
0.0014000000000000002,0.45000000000000023,0.004899999999999998,1.3353468849024503,False,True,True,266684.73642290826,True,True,0.8076142611452444,19843854.699456755,99219.27349728376
0.0015000000000000005,0.45000000000000023,0.005399999999999995,1.3299691880893212,False,True,True,268663.9797809929,True,True,0.8076689045728491,19853559.79600947,99267.79898004733
0.0013000000000000004,0.45000000000000023,0.004400000000000001,1.3402698802917135,False,True,True,264584.4318963617,True,True,0.8086354285627739,19835026.76959568,99175.13384797837
0.0018000000000000004,0.35000000000000014,0.010299999999999965,1.204829971457481,False,True,True,165594.28963302693,True,True,0.8090815520211888,19853592.00415197,99267.96002075984
0.0016000000000000003,0.45000000000000023,0.005899999999999992,1.3242073595596724,False,True,True,270432.8371315854,True,True,0.8090927342348126,19864243.017686777,99321.21508843386
0.0019000000000000006,0.3900000000000002,0.00944999999999997,1.2437033926200547,False,True,True,209717.01666422922,True,True,0.809528855556973,19881193.522189666,99405.96761094831
0.0011000000000000003,0.45000000000000023,0.0035000000000000027,1.3470079518189615,False,True,True,259249.66545024695,True,True,0.8098461841430634,19819690.52000422,99098.45260002109
0.0012000000000000001,0.45000000000000023,0.003950000000000004,1.3441529679509483,False,True,True,262003.91673708992,True,True,0.8099096009625311,19827002.48612648,99135.01243063239
0.0019000000000000006,0.4300000000000002,0.008099999999999979,1.2853265974727823,False,True,True,253055.0442834307,True,True,0.81230187149079,19895981.309648536,99479.90654824267
0.0017000000000000006,0.45000000000000023,0.006449999999999989,1.3181942044284225,False,True,True,272006.1859060978,True,True,0.8144414370694335,19876009.88632161,99380.04943160804
0.0019000000000000006,0.38000000000000017,0.009849999999999968,1.2331100140591063,False,True,True,198814.9679019701,True,True,0.8187122703179329,19877446.43515669,99387.23217578344
0.0016000000000000003,0.3000000000000001,0.01109999999999996,1.152612261530498,False,True,True,110452.39197526261,True,True,0.8197277040515829,19815425.22113696,99077.12610568479
0.0015000000000000005,0.2800000000000001,0.01124999999999996,1.1292685064071741,False,True,True,88680.81207084468,True,True,0.8200502067543097,19800569.762127947,99002.84881063973
0.0018000000000000004,0.45000000000000023,0.006999999999999985,1.3120358861029247,False,True,True,273403.58063167456,True,True,0.8223189043071205,19888979.089636385,99444.89544818191
0.0019000000000000006,0.4400000000000002,0.00784999999999998,1.295518818381247,False,True,True,263758.219743912,True,True,0.8229056614663748,19899655.530340616,99498.27765170306
0.0008,0.46000000000000024,0.0021999999999999993,1.3566994862697004,False,True,True,259041.8518608522,True,True,0.8243083445271352,19803380.47251663,99016.90236258313
0.0017000000000000006,0.3200000000000001,0.010949999999999962,1.174057219855976,False,True,True,132550.64777006075,True,True,0.824628395393114,19831810.769350342,99159.0538467517
0.0019000000000000006,0.37000000000000016,0.010249999999999966,1.2225665946067663,False,True,True,188049.8325216594,True,True,0.8305663393980098,19873647.577879652,99368.23788939825
0.0019000000000000006,0.45000000000000023,0.007549999999999982,1.3058102182284617,False,True,True,274638.77044066315,True,True,0.8328835061464359,19903279.893069208,99516.39946534602
0.0016000000000000003,0.46000000000000024,0.005699999999999993,1.335170428347239,False,True,True,281090.1933088527,True,True,0.8331875696431948,19867334.920631774,99336.67460315886
0.0018000000000000004,0.34000000000000014,0.010799999999999962,1.1937448676968108,False,True,True,154814.41640467176,True,True,0.833318590644979,19849885.56133785,99249.42780668924
0.0020000000000000005,0.4200000000000002,0.009049999999999973,1.2693871920937676,False,True,True,243052.68613480037,True,True,0.8336028275781181,19907529.98569479,99537.64992847393
0.0015000000000000005,0.46000000000000024,0.005199999999999996,1.3412167427557118,False,True,True,279282.22648990137,True,True,0.8342409460743018,19856489.058997665,99282.44529498831
0.0017000000000000006,0.46000000000000024,0.00624999999999999,1.3287988242525486,False,True,True,282599.64066523267,True,True,0.8356783347466119,19879287.5239631,99396.4376198155
0.0020000000000000005,0.4100000000000002,0.009399999999999971,1.2593411620199326,False,True,True,232293.20271427234,True,True,0.835705922034115,19903621.5370393,99518.10768519648
0.0020000000000000005,0.4300000000000002,0.008749999999999975,1.2795349028582688,False,True,True,254004.08026005045,True,True,0.8369499701068878,19911375.09407955,99556.87547039773
0.0014000000000000002,0.46000000000000024,0.004749999999999999,1.3467805983153294,False,True,True,277149.411674697,True,True,0.8376721892614792,19846635.900575448,99233.17950287722
0.0018000000000000004,0.46000000000000024,0.006749999999999987,1.3224599353756248,False,True,True,284135.0654239863,True,True,0.8390002482441618,19892423.427366298,99462.11713683147
0.0009000000000000001,0.46000000000000024,0.00255,1.360490899152594,False,True,True,263073.63693244907,True,True,0.8393154419348848,19809053.39232404,99045.26696162019
0.0013000000000000004,0.46000000000000024,0.004250000000000002,1.3519982344189965,False,True,True,275003.2204114967,True,True,0.840856111800258,19837658.89756877,99188.29448784383
0.0007,0.47000000000000025,0.001749999999999999,1.3626779132696827,False,True,True,264857.6489913133,True,True,0.8411370947653946,19800080.65845238,99000.4032922619
0.0020000000000000005,0.4400000000000002,0.008449999999999977,1.2895406721608458,False,True,True,264820.1632967975,True,True,0.8419379593201355,19915233.55435391,99576.16777176954
0.0020000000000000005,0.4000000000000002,0.009799999999999968,1.2490926817471733,False,True,True,221330.58834385787,True,True,0.8430515850456592,19899734.957011223,99498.6747850561
0.0012000000000000001,0.46000000000000024,0.0038000000000000035,1.3563062212433432,False,True,True,272487.76634281187,True,True,0.844501376546899,19829491.195231315,99147.45597615656
0.001,0.46000000000000024,0.0029500000000000012,1.3610781035652688,False,True,True,266560.26438307395,True,True,0.8456817773646124,19815255.821487423,99076.2791074371
0.0011000000000000003,0.46000000000000024,0.0033500000000000023,1.3594104739652324,False,True,True,269623.4214766903,True,True,0.8461869692014705,19822047.730366036,99110.23865183016
0.0019000000000000006,0.46000000000000024,0.007299999999999984,1.3158647648404778,False,True,True,285254.2562148759,True,True,0.8465079111007255,19906944.00955677,99534.72004778383
0.0019000000000000006,0.36000000000000015,0.010699999999999963,1.2117971339332378,False,True,True,177098.03825479533,True,True,0.84831658416785,19869840.62485819,99349.20312429093
0.0020000000000000005,0.45000000000000023,0.008149999999999978,1.2995045479778486,False,True,True,275628.7292528435,True,True,0.8487272932137238,19919077.955228247,99595.38977614122
0.0020000000000000005,0.3900000000000002,0.010199999999999966,1.2388189945072545,False,True,True,210403.79839988917,True,True,0.852831035518686,19895814.48972074,99479.07244860368
0.0017000000000000006,0.47000000000000025,0.006049999999999991,1.3394198333567098,False,True,True,293253.39592774026,True,True,0.8580989476004259,19882547.1636989,99412.73581849449
0.0017000000000000006,0.3100000000000001,0.011499999999999958,1.1622346352465351,False,True,True,121688.5839110302,True,True,0.8585712706433035,19828135.570790436,99140.67785395216
0.0018000000000000004,0.47000000000000025,0.006549999999999988,1.3327440020966546,False,True,True,294730.01173691114,True,True,0.8588074881344313,19895879.78164178,99479.3989082089
0.0016000000000000003,0.47000000000000025,0.005549999999999994,1.3459674878413663,False,True,True,291595.0344902489,True,True,0.8595190600099305,19870434.76587625,99352.17382938122
0.0020000000000000005,0.46000000000000024,0.00789999999999998,1.3094202965767396,False,True,True,286418.54465198156,True,True,0.859818760890153,19922911.544386752,99614.55772193374
0.0016000000000000003,0.2900000000000001,0.011699999999999957,1.1402505880701517,False,True,True,99708.46743934846,True,True,0.8613716143420643,19811797.27880268,99058.9863940134
0.0015000000000000005,0.47000000000000025,0.005049999999999997,1.3523796878429521,False,True,True,289846.150034151,True,True,0.8630055371875134,19859414.537991725,99297.07268995862
0.0021000000000000007,0.4400000000000002,0.009049999999999973,1.28349011359868,False,True,True,265609.38548005477,True,True,0.8636459273624961,19932471.843113016,99662.35921556507
0.0018000000000000004,0.3300000000000001,0.011349999999999959,1.1824023917011663,False,True,True,143862.2013874508,True,True,0.8639794653167856,19846138.182075854,99230.69091037926
0.0019000000000000006,0.47000000000000025,0.007099999999999985,1.3260129188047247,False,True,True,296035.27943141066,True,True,0.8641129729372927,19910562.338591132,99552.81169295564
0.0021000000000000007,0.4300000000000002,0.009399999999999971,1.2737681341437954,False,True,True,254824.45903490426,True,True,0.864660582024755,19928387.277412694,99641.93638706346
0.0020000000000000005,0.38000000000000017,0.010599999999999964,1.228525836645121,False,True,True,199524.40765309395,True,True,0.8649796760849096,19891855.88743445,99459.27943717223
0.0008,0.47000000000000025,0.002099999999999999,1.3701036023111592,False,True,True,269292.85470017674,True,True,0.8664902652499332,19805380.249415252,99026.90124707625
0.0021000000000000007,0.4200000000000002,0.009749999999999969,1.2638523711300267,False,True,True,243824.80366375824,True,True,0.8673762142265214,19924345.65805086,99621.7282902543
0.0021000000000000007,0.45000000000000023,0.008749999999999975,1.2933046094033362,False,True,True,276575.17980955256,True,True,0.8678097975509379,19936487.039047126,99682.43519523561
0.0014000000000000002,0.47000000000000025,0.0046,1.3582275841389055,False,True,True,287664.6796587318,True,True,0.868451904771632,19849408.005022068,99247.04002511033
0.0020000000000000005,0.47000000000000025,0.0076499999999999815,1.3192883972545373,False,True,True,297185.7128741525,True,True,0.8722903749368637,19926738.46915911,99633.69234579554
0.0019000000000000006,0.35000000000000014,0.01119999999999996,1.2009506292057048,False,True,True,166149.54416180003,True,True,0.8723895335069011,19865989.535459466,99329.94767729731
0.0021000000000000007,0.46000000000000024,0.008449999999999977,1.302947170033994,False,True,True,287345.01316080877,True,True,0.8733759363300723,19940543.789999813,99702.71894999905
0.0013000000000000004,0.47000000000000025,0.004150000000000003,1.3636213291794084,False,True,True,285353.9424977815,True,True,0.8744297386464275,19840289.392932698,99201.44696466348
0.0021000000000000007,0.4100000000000002,0.010149999999999966,1.2539052497179841,False,True,True,232843.15361493838,True,True,0.875539517760832,19920275.722023383,99601.3786101169
0.0018000000000000004,0.48000000000000026,0.006349999999999989,1.3431208610920506,False,True,True,305483.22808170907,True,True,0.8799748879840225,19899298.12302976,99496.4906151488
0.0012000000000000001,0.47000000000000025,0.003700000000000003,1.3683427233435286,False,True,True,282898.511182082,True,True,0.8801603914538156,19831977.256796885,99159.88628398441
0.0009000000000000001,0.47000000000000025,0.0025,1.373470856028549,False,True,True,273316.03285168845,True,True,0.880183204383275,19811164.606027376,99055.82303013686
0.0019000000000000006,0.48000000000000026,0.006849999999999986,1.3361419344316485,False,True,True,306831.86596540717,True,True,0.8806977795433812,19914165.857760243,99570.82928880121
0.0017000000000000006,0.48000000000000026,0.005849999999999992,1.3500557144052368,False,True,True,303964.1198008096,True,True,0.8816146401405907,19885789.611293774,99428.94805646886
0.0021000000000000007,0.47000000000000025,0.008199999999999978,1.3126770595254762,False,True,True,298284.8049021886,True,True,0.8835214379862683,19944535.36901519,99722.67684507594
0.0011000000000000003,0.47000000000000025,0.003250000000000002,1.3717553840001255,False,True,True,279979.8609136321,True,True,0.8835310202294459,19824402.56922,99122.01284609998
0.001,0.47000000000000025,0.002850000000000001,1.3736598519692087,False,True,True,276797.5648572776,True,True,0.8843448097903953,19817485.80165965,99087.42900829823
0.0016000000000000003,0.48000000000000026,0.005349999999999995,1.3568701345929226,False,True,True,302260.68269621604,True,True,0.8853661210362308,19873509.729824696,99367.54864912346
0.0007,0.48000000000000026,0.001699999999999999,1.376549649702609,False,True,True,275153.719764918,True,True,0.8854142573639872,19801977.251388006,99009.88625694001
0.0021000000000000007,0.4000000000000002,0.010549999999999964,1.2439339033809915,False,True,True,221892.96628327091,True,True,0.8859604155321761,19916173.77302795,99580.86886513972
0.0020000000000000005,0.48000000000000026,0.007399999999999983,1.329174272819302,False,True,True,308019.0011699403,True,True,0.8862409357803219,19930535.619011495,99652.67809505746
0.0020000000000000005,0.37000000000000016,0.01109999999999996,1.2180159895352685,False,True,True,188453.43173598082,True,True,0.8865778747558773,19887899.846782435,99439.49923391215
0.0022000000000000006,0.4400000000000002,0.009699999999999969,1.2775388316504694,False,True,True,266323.1712899621,True,True,0.8913690177916713,19951499.022685237,99757.49511342616
0.0015000000000000005,0.48000000000000026,0.004899999999999998,1.3634583877823627,False,True,True,300353.2767711204,True,True,0.8921928530912391,19862339.12908409,99311.69564542045
0.0022000000000000006,0.46000000000000024,0.009049999999999973,1.296582083500539,False,True,True,288187.3221108669,True,True,0.8926790661566507,19959975.2850094,99799.87642504698
0.0022000000000000006,0.45000000000000023,0.009399999999999971,1.2871088944548885,False,True,True,277302.01347134734,True,True,0.8927311028349966,19955728.82928738,99778.64414643688
0.0021000000000000007,0.48000000000000026,0.00794999999999998,1.3222634641266637,False,True,True,309059.2051938821,True,True,0.8947468074430754,19948564.56845549,99742.82284227744
0.0022000000000000006,0.4300000000000002,0.010099999999999967,1.2679367448499061,False,True,True,255351.1164414769,True,True,0.8982681211135373,19947248.910054684,99736.2445502734
0.0021000000000000007,0.3900000000000002,0.010949999999999962,1.2339428293297197,False,True,True,210984.71693769982,True,True,0.8985755101955009,19912034.565769345,99560.17282884671
0.0014000000000000002,0.48000000000000026,0.004450000000000001,1.3696859442211335,False,True,True,298227.9564863674,True,True,0.8998787143001167,19852171.13923153,99260.85569615763
0.0022000000000000006,0.47000000000000025,0.008799999999999975,1.306016875967379,False,True,True,299061.1752228822,True,True,0.9000828888636558,19964211.574067667,99821.05787033832
0.0019000000000000006,0.49000000000000027,0.0066499999999999875,1.3461370367060805,False,True,True,317486.0670422947,True,True,0.9002317024243011,19917789.84357513,99588.94921787563
0.0020000000000000005,0.49000000000000027,0.0071499999999999845,1.3389021034478008,False,True,True,318669.09452600795,True,True,0.9011298737754458,19934369.805651937,99671.84902825966
0.0018000000000000004,0.3200000000000001,0.011949999999999955,1.1710031485139925,False,True,True,132972.40184154588,True,True,0.9012896095874525,19842321.621501338,99211.60810750668
0.0018000000000000004,0.49000000000000027,0.0061499999999999905,1.3533559973971676,False,True,True,316090.3399935668,True,True,0.90176398956086,19902734.509063464,99513.6725453173
0.0019000000000000006,0.34000000000000014,0.011749999999999957,1.1900364864061592,False,True,True,155225.49043633314,True,True,0.9028802625161425,19862085.35051389,99310.42675256943
0.0017000000000000006,0.3000000000000001,0.012149999999999954,1.150372249903448,False,True,True,110934.88690772366,True,True,0.9031996493518882,19824377.198388793,99121.88599194394
0.0022000000000000006,0.4200000000000002,0.010449999999999965,1.2583367678586999,False,True,True,244437.9061143021,True,True,0.9039465647386603,19942959.386922304,99714.7969346115
0.0017000000000000006,0.49000000000000027,0.005649999999999994,1.3604931990832712,False,True,True,314465.6976768439,True,True,0.9055164250398202,19889054.759175334,99445.27379587665
0.0022000000000000006,0.48000000000000026,0.008499999999999976,1.3155021760949388,False,True,True,310054.803522743,True,True,0.9063444376241232,19968388.95545906,99841.94477729527
0.0021000000000000007,0.49000000000000027,0.007699999999999981,1.3318663836824534,False,True,True,319897.21372927766,True,True,0.9073843209538259,19952561.56885424,99762.80784427118
0.0013000000000000004,0.48000000000000026,0.0040000000000000036,1.3753718219894129,False,True,True,295864.3982832469,True,True,0.9077627239169592,19842908.656769533,99214.54328384766
0.0008,0.48000000000000026,0.002049999999999999,1.3837091918354034,False,True,True,279711.35234859877,True,True,0.9097149672410502,19807382.327907424,99036.91163953711
0.0020000000000000005,0.36000000000000015,0.011599999999999958,1.2075008118676331,False,True,True,177465.0504570678,True,True,0.910766013214052,19883888.3712806,99419.44185640298
0.0016000000000000003,0.49000000000000027,0.005199999999999996,1.367602666099551,False,True,True,312760.9236283321,True,True,0.9130245319569225,19876596.869680293,99382.98434840146
0.0022000000000000006,0.4100000000000002,0.010849999999999962,1.248650802206913,False,True,True,233462.20778623587,True,True,0.9149109927834272,19938668.81109996,99693.3440554998
0.0012000000000000001,0.48000000000000026,0.003600000000000003,1.3802647594912336,False,True,True,293234.61906421965,True,True,0.9157701760908303,19834463.152121525,99172.31576060761
0.0022000000000000006,0.49000000000000027,0.008249999999999978,1.324820869441417,False,True,True,320837.04450621334,True,True,0.9163664073506493,19972632.513650797,99863.16256825397
0.002300000000000001,0.47000000000000025,0.009349999999999971,1.2995546286633104,False,True,True,299850.78375439614,True,True,0.9169785739359665,19985844.94895341,99929.22474476702
0.0016000000000000003,0.2800000000000001,0.012449999999999952,1.1277039268260516,False,True,True,88981.48519738953,True,True,0.9177611090628932,19808059.38579577,99040.29692897883
0.002300000000000001,0.46000000000000024,0.009699999999999969,1.2903428965808117,False,True,True,288951.75196248386,True,True,0.9180447118996575,19981383.743690718,99906.91871845357
0.0020000000000000005,0.5000000000000002,0.006949999999999986,1.348714957922539,False,True,True,329474.9113910062,True,True,0.9195909471227947,19938153.090993483,99690.7654549674
0.0021000000000000007,0.38000000000000017,0.011449999999999958,1.2237463694749742,False,True,True,199880.50238548074,True,True,0.9204688881212698,19907913.390151758,99539.56695075877
0.002300000000000001,0.48000000000000026,0.009049999999999973,1.3087582556998811,False,True,True,310780.863560533,True,True,0.9205759940533946,19990278.318522934,99951.39159261466
0.002300000000000001,0.45000000000000023,0.010049999999999967,1.281010636312297,False,True,True,277914.1230293499,True,True,0.9207158567055747,19976966.66787999,99884.83333939993
0.0019000000000000006,0.5000000000000002,0.006449999999999989,1.356145020100403,False,True,True,328193.15531638684,True,True,0.9207969815531573,19921393.254457194,99606.96627228595
0.0021000000000000007,0.5000000000000002,0.007449999999999983,1.3414196599442076,False,True,True,330699.7837523611,True,True,0.9212034138166919,19956559.115336012,99782.79557668004
0.0009000000000000001,0.48000000000000026,0.0024,1.3866295123895536,False,True,True,283723.3113186651,True,True,0.9213092423771702,19813276.127478033,99066.38063739015
0.0011000000000000003,0.48000000000000026,0.003200000000000002,1.3840409465471677,False,True,True,290315.3549799797,True,True,0.9216169051302379,19826755.953154884,99133.77976577441
0.0015000000000000005,0.49000000000000027,0.004749999999999999,1.374451032629252,False,True,True,310797.54864732164,True,True,0.9217260171625812,19865264.6916528,99326.32345826399
0.001,0.48000000000000026,0.002800000000000001,1.3864039998070956,False,True,True,287196.7097278167,True,True,0.9242616197652618,19819713.8528088,99098.56926404398
0.002300000000000001,0.4400000000000002,0.010399999999999965,1.271704624949805,False,True,True,266967.27827787225,True,True,0.9252945441232122,19972494.24439517,99862.47122197584
0.0018000000000000004,0.5000000000000002,0.0059999999999999915,1.3635214253371297,False,True,True,326641.36175105366,True,True,0.925986235382073,19906173.24991672,99530.86624958359
0.0022000000000000006,0.5000000000000002,0.00799999999999998,1.3341554115207175,False,True,True,331680.50368056155,True,True,0.9277396801878439,19976840.891847696,99884.20445923846
0.002300000000000001,0.49000000000000027,0.008799999999999975,1.3179520038597379,False,True,True,321737.4300847759,True,True,0.9284477772123944,19994687.168210696,99973.43584105346
0.0007,0.49000000000000027,0.0016499999999999991,1.3904275836309956,False,True,True,285474.9943092286,True,True,0.9297462660641955,19803874.90269952,99019.37451349758
0.0022000000000000006,0.4000000000000002,0.01129999999999996,1.2388842046567734,False,True,True,222438.61055434155,True,True,0.9314468608503611,19934369.339016825,99671.84669508411
0.002300000000000001,0.4300000000000002,0.010749999999999963,1.2622848102399837,False,True,True,255902.6748313387,True,True,0.9314945483769607,19968052.439189915,99840.26219594956
0.0014000000000000002,0.49000000000000027,0.004300000000000002,1.3810500956650529,False,True,True,308724.8984202046,True,True,0.9315648035127676,19854934.718048614,99274.67359024305
0.0017000000000000006,0.5000000000000002,0.0054999999999999945,1.3710270623981808,False,True,True,325121.1966807471,True,True,0.9320863313106862,19892290.521085873,99461.45260542935
0.002300000000000001,0.5000000000000002,0.008499999999999976,1.327045853878396,False,True,True,332574.0263587526,True,True,0.9347874972010313,19999135.888293363,99995.6794414668
0.0006,0.5000000000000002,0.0013499999999999996,1.3924675517096858,False,True,True,290741.68478306243,True,True,0.935955563980809,19800616.506700728,99003.08253350362
0.0020000000000000005,0.35000000000000014,0.012099999999999955,1.1968879616632773,False,True,True,166453.5926164965,True,True,0.9372477878137807,19879835.022761818,99399.17511380908
0.0019000000000000006,0.3300000000000001,0.012349999999999953,1.1789281823949547,False,True,True,144195.2379402227,True,True,0.9396743092452943,19858133.572794657,99290.66786397327
0.0024000000000000007,0.48000000000000026,0.00964999999999997,1.3022573221541514,False,True,True,311569.45915251813,True,True,0.9408000737360962,20014296.113882758,100071.48056941378
0.0016000000000000003,0.5000000000000002,0.005049999999999997,1.3783447020093176,False,True,True,323304.7721877816,True,True,0.9413178469287744,19879672.812347516,99398.36406173756
0.0013000000000000004,0.49000000000000027,0.0039000000000000037,1.3870130370093252,False,True,True,306298.6003435813,True,True,0.9421500261407979,19845527.790422738,99227.63895211367
0.0024000000000000007,0.47000000000000025,0.009999999999999967,1.293211198262505,False,True,True,300521.88050489826,True,True,0.9426706308422872,20009677.264956262,100048.3863247813
0.0024000000000000007,0.49000000000000027,0.009349999999999971,1.3112126145276999,False,True,True,322512.4799492949,True,True,0.943361500120786,20018954.47059958,100094.77235299788
0.0021000000000000007,0.37000000000000016,0.011949999999999955,1.2135433945583232,False,True,True,188851.66276352515,True,True,0.9447725782140517,19903737.905991405,99518.68952995702
0.0018000000000000004,0.3100000000000001,0.012599999999999952,1.1594152743755095,False,True,True,122021.3679224047,True,True,0.9450430626271732,19838430.2425286,99192.15121264297
0.0024000000000000007,0.46000000000000024,0.010349999999999965,1.2841335368948366,False,True,True,289469.43959839764,True,True,0.9462411912841925,20005046.740417838,100025.23370208917
0.002300000000000001,0.4200000000000002,0.01119999999999996,1.2528415651004563,False,True,True,244861.99898826375,True,True,0.9465093874916849,19963581.103118997,99817.90551559498
0.0024000000000000007,0.5000000000000002,0.009099999999999973,1.3200746360153564,False,True,True,333340.7459951532,True,True,0.9499660799095747,20023659.379529,100118.29689764498
0.0022000000000000006,0.3900000000000002,0.011749999999999957,1.2290447519190852,False,True,True,211385.2829128829,True,True,0.950070741548958,19930052.478792172,99650.26239396085
0.0024000000000000007,0.45000000000000023,0.010699999999999963,1.2750802194266337,False,True,True,278504.4108323325,True,True,0.9516072161583478,20000356.84535166,100001.78422675827
0.0012000000000000001,0.49000000000000027,0.0035000000000000027,1.3921946918655206,False,True,True,303608.4801036437,True,True,0.9516773420140084,19836945.83591348,99184.72917956738
0.0015000000000000005,0.5000000000000002,0.0046,1.3855490926081004,False,True,True,321392.7197038754,True,True,0.9521310543748123,19868170.543229394,99340.85271614695
0.0008,0.49000000000000027,0.0019999999999999987,1.3972208603834069,False,True,True,290088.18315662444,True,True,0.9526911381762267,19809383.37036655,99046.91685183274
0.0017000000000000006,0.2900000000000001,0.01284999999999995,1.1381729403655725,False,True,True,100022.21838214391,True,True,0.95421139944982,19820513.13374369,99102.56566871842
0.0024000000000000007,0.4400000000000002,0.011049999999999961,1.2659185463015838,False,True,True,267419.3916439331,True,True,0.9584960854172468,19995710.290922977,99978.55145461488
0.0011000000000000003,0.49000000000000027,0.0031000000000000016,1.3964018704721617,False,True,True,300747.2326825603,True,True,0.9594362615412487,19829105.702110626,99145.52851055311
0.002300000000000001,0.4100000000000002,0.011599999999999958,1.2433217081049084,False,True,True,233771.14268749236,True,True,0.9599310826420773,19959107.336925637,99795.53668462817
0.0009000000000000001,0.49000000000000027,0.0023499999999999997,1.399623211007056,False,True,True,294030.01474803296,True,True,0.9624121359405889,19815386.894571945,99076.9344728597
0.001,0.49000000000000027,0.0027000000000000006,1.3990791197653545,False,True,True,297568.4002768233,True,True,0.9635704519006819,19821941.313431174,99109.70656715585
0.0014000000000000002,0.5000000000000002,0.004200000000000002,1.392313285583183,False,True,True,319145.8903516638,True,True,0.9644219878866441,19857699.547112163,99288.4977355608
0.0021000000000000007,0.36000000000000015,0.012449999999999952,1.203246292337843,False,True,True,177792.2033598365,True,True,0.9712124634106403,19899527.834162775,99497.63917081387
0.0020000000000000005,0.34000000000000014,0.012699999999999951,1.1862217121148975,False,True,True,155483.4664397161,True,True,0.9738005911875706,19875722.163030796,99378.61081515397
0.0007,0.5000000000000002,0.0016499999999999991,1.4042016853756696,False,True,True,295751.91047975625,True,True,0.9738714804592055,19805773.752617363,99028.8687630868
0.0024000000000000007,0.4300000000000002,0.011499999999999958,1.2567338247647113,False,True,True,256354.3235828128,True,True,0.9740976870501317,19991036.344056465,99955.18172028231
0.0022000000000000006,0.38000000000000017,0.012249999999999954,1.2190464426797538,False,True,True,200194.30802689068,True,True,0.9743648633122041,19925745.222823557,99628.72611411777
0.0016000000000000003,0.2700000000000001,0.013199999999999948,1.114915701844295,False,True,True,78254.11504794986,True,True,0.9764175155992408,19804182.10533922,99020.9105266961
0.0013000000000000004,0.5000000000000002,0.0038000000000000035,1.3985476319767356,False,True,True,316655.2489095862,True,True,0.9764865546483875,19848148.794613566,99240.74397306782
0.002300000000000001,0.4000000000000002,0.012099999999999955,1.23378719596678,False,True,True,222726.96906142685,True,True,0.9826192962668886,19954590.99538634,99772.95497693168
0.0019000000000000006,0.3200000000000001,0.012999999999999949,1.1677088651371554,False,True,True,133169.5729186178,True,True,0.9828101096156897,19854108.702369373,99270.54351184684
0.0012000000000000001,0.5000000000000002,0.0034000000000000024,1.4041306635018362,False,True,True,314016.4841648325,True,True,0.9878465358767248,19839424.952875268,99197.12476437632
0.0024000000000000007,0.4200000000000002,0.011949999999999955,1.2474489756344742,False,True,True,245194.9617143056,True,True,0.9915601096161416,19986388.71865846,99931.94359329228
0.0008,0.5000000000000002,0.0019499999999999986,1.4105496470754018,False,True,True,300359.69862683426,True,True,0.9951269620419912,19811385.273775738,99056.92636887867
0.0018000000000000004,0.3000000000000001,0.013299999999999947,1.147729796528612,False,True,True,111124.16626817237,True,True,0.9951657289728774,19834442.60925143,99172.21304625712
0.0011000000000000003,0.5000000000000002,0.0030000000000000014,1.408768907643609,False,True,True,311212.56609704305,True,True,0.9974820762249466,19831452.779730793,99157.26389865395
0.0017000000000000006,0.26000000000000006,0.015549999999999934,1.1003985751698158,False,True,True,67495.65879747656,True,True,1.0,19808008.492878363,99040.0424643918
0.0022000000000000006,0.2700000000000001,0.02215000000000012,1.1012904319113697,False,True,True,75978.6853205181,True,True,1.0000040841240017,19873208.820342064,99366.0441017103
0.0016000000000000003,0.26000000000000006,0.014099999999999942,1.1019216769662779,False,True,True,67598.29039070016,True,True,1.0000119114568458,19800136.687409937,99000.68343704967
0.0021000000000000007,0.2700000000000001,0.020500000000000074,1.103979675846993,False,True,True,76768.55343664074,True,True,1.0000658458443232,19857734.173887603,99288.670869438
0.0020000000000000005,0.2700000000000001,0.018900000000000028,1.1065403446821949,False,True,True,77385.07522694996,True,True,1.0001936665356503,19844133.181421172,99220.66590710584
0.0024000000000000007,0.2800000000000001,0.024000000000000174,1.1072384247227365,False,True,True,85779.97025457957,True,True,1.0002401875836064,19917025.327339873,99585.12663669935
0.0019000000000000006,0.2700000000000001,0.017399999999999985,1.1089770410392552,False,True,True,77861.33088950157,True,True,1.000377786848544,19832171.776610143,99160.8588830507
0.002300000000000001,0.2800000000000001,0.022300000000000125,1.110182455632968,False,True,True,86717.25794399284,True,True,1.0004913887312266,19896732.671262175,99483.66335631086
0.0018000000000000004,0.2700000000000001,0.015949999999999943,1.1112327826400783,False,True,True,78176.98911543358,True,True,1.0006025222467685,19821644.361799326,99108.22180899662
0.0022000000000000006,0.2800000000000001,0.02070000000000008,1.11305591589866,False,True,True,87490.04306164526,True,True,1.0008222730042304,19878843.14992252,99394.21574961259
0.0017000000000000006,0.2700000000000001,0.01454999999999994,1.1133077007248928,False,True,True,78374.12841398912,True,True,1.0008552982257557,19812373.083998676,99061.86541999337
0.0021000000000000007,0.2800000000000001,0.019200000000000036,1.1158174881260676,False,True,True,88073.7360380556,True,True,1.0012199788079468,19863075.817884896,99315.37908942446
0.0024000000000000007,0.2900000000000001,0.02245000000000013,1.1184147980881218,False,True,True,97504.84968619524,True,True,1.0016652354598652,19922773.01548501,99613.86507742504
0.0020000000000000005,0.2800000000000001,0.017699999999999994,1.1186058911888597,False,True,True,88635.29361504794,True,True,1.0017007180405662,19849171.801239014,99245.85900619505
0.0019000000000000006,0.2800000000000001,0.016299999999999953,1.1211928559838575,False,True,True,88965.90210722527,True,True,1.002217767940873,19836910.092259634,99184.55046129816
0.002300000000000001,0.2900000000000001,0.020900000000000085,1.121480115195455,False,True,True,98299.53633152455,True,True,1.0022793950015596,19902269.884213537,99511.34942106767
0.0018000000000000004,0.2800000000000001,0.014949999999999937,1.1236460014753817,False,True,True,89172.00059883464,True,True,1.0027711372644559,19826087.07392785,99130.43536963924
0.0022000000000000006,0.2900000000000001,0.019450000000000044,1.1244545838939624,False,True,True,98896.15444197995,True,True,1.0029669686743523,19884150.56717813,99420.75283589064
0.001,0.5000000000000002,0.0026500000000000004,1.4116045698510324,False,True,True,307841.414372867,True,True,1.0030047243592355,19824169.20877033,99120.84604385163
0.0009000000000000001,0.5000000000000002,0.0022999999999999995,1.4124528946052828,False,True,True,304235.26152214507,True,True,1.00305212561404,19817498.632126153,99087.49316063075
0.0017000000000000006,0.2800000000000001,0.013649999999999945,1.1259001463373322,False,True,True,89234.23964964724,True,True,1.0033336514768703,19816526.03698643,99082.63018493213
0.0021000000000000007,0.2900000000000001,0.018000000000000002,1.1274730525186925,False,True,True,99463.28254262972,True,True,1.0037567713523334,19868121.89048963,99340.60945244813
0.0024000000000000007,0.3000000000000001,0.02110000000000009,1.129271169222421,False,True,True,109129.78932700653,True,True,1.0042712472909392,19928230.539312445,99641.1526965622
0.0020000000000000005,0.2900000000000001,0.016649999999999963,1.1303860972917144,False,True,True,99856.9934132849,True,True,1.0046067175409608,19853955.826974057,99269.77913487027
0.0022000000000000006,0.37000000000000016,0.01279999999999995,1.2091080446697386,False,True,True,189169.28135388816,True,True,1.0047151840802189,19921351.25804597,99606.75629022984
0.002300000000000001,0.3000000000000001,0.01965000000000005,1.1324394094913623,False,True,True,109753.48436302389,True,True,1.0052574734973363,19907554.08321205,99537.77041606024
0.0019000000000000006,0.2900000000000001,0.015349999999999935,1.133143366834405,False,True,True,100056.5802208061,True,True,1.0054903936088444,19841428.23404883,99207.14117024413
0.0022000000000000006,0.3000000000000001,0.01830000000000001,1.1356667322666143,False,True,True,110341.6329330213,True,True,1.0063664141505324,19889205.932275433,99446.02966137715
0.0018000000000000004,0.2900000000000001,0.014099999999999942,1.1357490861835944,False,True,True,100106.31698046114,True,True,1.0063960864260677,19830338.159631096,99151.69079815547
0.002300000000000001,0.3900000000000002,0.012599999999999952,1.2241584126053031,False,True,True,211620.24947203626,True,True,1.007287485409884,19950071.23885122,99750.35619425608
0.0021000000000000007,0.35000000000000014,0.013049999999999949,1.1928966226898328,False,True,True,166764.97549639034,True,True,1.0075516891767213,19895263.738450512,99476.31869225255
0.0021000000000000007,0.3000000000000001,0.016949999999999972,1.138847401410565,False,True,True,110786.34306163515,True,True,1.0075620023604397,19872950.971172575,99364.75485586286
0.0024000000000000007,0.3100000000000001,0.019900000000000057,1.1399170392126947,False,True,True,120735.44428722751,True,True,1.0079869108857544,19933465.577564087,99667.32788782041
0.0020000000000000005,0.3000000000000001,0.015699999999999936,1.1419082517405241,False,True,True,111031.64144132764,True,True,1.0088084556974661,19858549.54117429,99292.74770587143
0.002300000000000001,0.3100000000000001,0.018550000000000018,1.1432634055034765,False,True,True,121270.67465361753,True,True,1.0093902580878011,19912619.655250397,99563.09827625197
0.0019000000000000006,0.3000000000000001,0.01444999999999994,1.1448295521532967,False,True,True,111090.65027427935,True,True,1.0100854853174246,19845778.891432762,99228.8944571638
0.0022000000000000006,0.3100000000000001,0.01724999999999998,1.1466595811137934,False,True,True,121750.65742065888,True,True,1.010928814399004,19894078.75307106,99470.39376535527
0.0024000000000000007,0.4100000000000002,0.012399999999999953,1.2382025364208442,False,True,True,234158.6574944571,True,True,1.0110090868496602,19981660.629504386,99908.30314752192
0.0021000000000000007,0.3100000000000001,0.016049999999999946,1.1499069865673754,False,True,True,121960.17848446044,True,True,1.0125072013729828,19877630.53006275,99388.15265031373
0.0024000000000000007,0.3200000000000001,0.018800000000000025,1.150373610722031,False,True,True,132310.30888668742,True,True,1.012742586516409,19938541.30690421,99692.70653452104
0.0020000000000000005,0.3100000000000001,0.014849999999999938,1.1532047342376213,False,True,True,122154.8403610646,True,True,1.0142168225752737,19862997.67069848,99314.98835349237
0.002300000000000001,0.3200000000000001,0.01754999999999999,1.1538944580102966,False,True,True,132750.53412463277,True,True,1.0145879441039274,19917534.819726575,99587.67409863287
0.0019000000000000006,0.3100000000000001,0.013699999999999945,1.156393599614856,False,True,True,122182.09974549587,True,True,1.0159718059917917,19849994.20054221,99249.97100271104
0.0020000000000000005,0.3300000000000001,0.013349999999999947,1.1753479613245879,False,True,True,144386.39179920554,True,True,1.0164387668749542,19871563.825684875,99357.81912842437
0.0022000000000000006,0.3200000000000001,0.016349999999999955,1.1574023150959138,False,True,True,133050.9825908798,True,True,1.0165477062328092,19898827.61708257,99494.13808541284
0.0024000000000000007,0.3300000000000001,0.017799999999999996,1.160615029079002,False,True,True,143789.0735526221,True,True,1.0184481305408362,19943524.61582981,99717.62307914904
0.0021000000000000007,0.3200000000000001,0.015199999999999936,1.1608670842107502,False,True,True,133195.4035475312,True,True,1.0186014815725566,19882172.207033433,99410.86103516715
0.002300000000000001,0.3300000000000001,0.016649999999999963,1.1642832658640727,False,True,True,144099.5970663786,True,True,1.020740662065014,19922366.42710721,99611.83213553604
0.0020000000000000005,0.3200000000000001,0.014049999999999943,1.1643801027774936,False,True,True,133313.41570448971,True,True,1.020802946237861,19867323.85606518,99336.61928032589
0.0022000000000000006,0.3300000000000001,0.015499999999999934,1.1679887057875726,False,True,True,144323.7199835796,True,True,1.0231883506385833,19903471.284663215,99517.35642331606
0.0024000000000000007,0.34000000000000014,0.01689999999999997,1.170642568387441,False,True,True,155142.56955572063,True,True,1.0250223541192423,19948457.733782314,99742.28866891155
0.0021000000000000007,0.3300000000000001,0.01439999999999994,1.1717077002839276,False,True,True,144448.17255906813,True,True,1.0257773406267454,19886605.506199308,99433.02753099652
0.002300000000000001,0.34000000000000014,0.01579999999999994,1.1745713484544102,False,True,True,155470.5047206338,True,True,1.0278606047830208,19927097.29434983,99635.48647174914
0.0022000000000000006,0.34000000000000014,0.014749999999999939,1.178454031769135,False,True,True,155591.3513436831,True,True,1.0308089621689895,19908024.803907767,99540.12401953882
0.0024000000000000007,0.35000000000000014,0.016099999999999948,1.1806214859631587,False,True,True,166569.1738612651,True,True,1.032516394017137,19953285.853562135,99766.42926781066
0.0021000000000000007,0.34000000000000014,0.013699999999999945,1.1823481806079832,False,True,True,155600.84051085674,True,True,1.0339079890908753,19890970.800361697,99454.85400180848
0.0024000000000000007,0.4000000000000002,0.01289999999999995,1.2287863204191727,False,True,True,222936.33581751274,True,True,1.0358309960814425,19976997.76481458,99884.98882407289
0.002300000000000001,0.35000000000000014,0.015049999999999937,1.184686552299644,False,True,True,166750.35653104587,True,True,1.035836693117803,19931780.138797287,99658.90069398642
0.002300000000000001,0.38000000000000017,0.013149999999999948,1.2144144081569208,False,True,True,200431.18152168137,True,True,1.0376479011420587,19945550.647412818,99727.75323706407
0.0022000000000000006,0.35000000000000014,0.014049999999999943,1.1887851400967548,False,True,True,166818.67788705498,True,True,1.0393389443644774,19912515.080031373,99562.57540015684
0.0024000000000000007,0.36000000000000015,0.015349999999999935,1.1904578096848062,False,True,True,177926.5723662773,True,True,1.040812481693506,19958078.724748213,99790.39362374105
0.0022000000000000006,0.36000000000000015,0.013399999999999947,1.1989685003627268,False,True,True,177970.60007010988,True,True,1.0408570406184166,19916965.643983338,99584.82821991667
0.002300000000000001,0.36000000000000015,0.014349999999999941,1.1947248372578578,False,True,True,178048.00291598437,True,True,1.0446866794935659,19936394.626904063,99681.9731345203
0.0024000000000000007,0.37000000000000016,0.014649999999999939,1.200218188913994,False,True,True,189291.05545649337,True,True,1.0499154986661334,19962816.565411594,99814.08282705795
0.002300000000000001,0.37000000000000016,0.013699999999999945,1.204590756461972,False,True,True,189220.38529569033,True,True,1.0542690891203736,19941000.8262299,99705.00413114949
0.0024000000000000007,0.38000000000000017,0.014049999999999943,1.2097861323617534,False,True,True,200483.597889654,True,True,1.0596595550495937,19967587.155989736,99837.93577994866
0.0024000000000000007,0.3900000000000002,0.013449999999999946,1.219364199807292,False,True,True,211782.16602788505,True,True,1.0663609243214973,19972274.655248776,99861.37327624386
